{"kmeans": {"silueta": 0.5261373140682846, "davies_bouldin": 0.9704896757029348}, "kmedoids": {"silueta": 0.19010732995779495, "davies_bouldin": 1.521344293093566}, "affinitypropagation": {"silueta": -0.19385212326105106, "davies_bouldin": 3.139600223628431}, "optics": {"silueta": -0.22409647554173692, "davies_bouldin": 4.887898025271002}, "dbscan": {"silueta": 0.30716259536814916, "davies_bouldin": 0.9247490139934845}, "kprototypes": {"silueta": 0.043009343313334475, "davies_bouldin": 6.197203226941025}}