{"kmeans": {"silueta": 0.5261373140682846, "davies_bouldin": 0.9704896757029348}, "kmedoids": {"silueta": 0.2991221312391194, "davies_bouldin": 1.1530872792512559}, "affinitypropagation": {"silueta": -0.2356539244826847, "davies_bouldin": 3.1002663310808183}, "optics": {"silueta": -0.22409647554173692, "davies_bouldin": 4.887898025271002}, "dbscan": {"silueta": 0.043009343313334475, "davies_bouldin": 0.9247490139934845}, "kprototypes": {"silueta": 0.30716259536814916, "davies_bouldin": 6.197203226941025}}